[
  {
    "sourceId": 1,
    "baseUrl": "https://boxnovel.com/",
    "sourceName": "BoxNovel",
    "options": {
      "useNewChapterEndpoint": true
    }
  },
  {
    "sourceId": 41,
    "baseUrl": "https://zinnovel.com/",
    "sourceName": "ZinnNovel",
    "options": {
      "path": { "novels": "manga", "novel": "manga", "chapter": "manga" }
    }
  },
  {
    "sourceId": 42,
    "baseUrl": "https://noveltranslate.com/",
    "sourceName": "NovelTranslate",
    "options": {
      "path": { "novels": "all-novels", "novel": "novel", "chapter": "novel" }
    }
  },
  {
    "sourceId": 43,
    "baseUrl": "https://www.lunarletters.com/",
    "sourceName": "LunarLetters",
    "options": {
      "path": { "novels": "series", "novel": "series", "chapter": "series" },
      "useNewChapterEndpoint": true
    }
  },
  {
    "sourceId": 44,
    "baseUrl": "https://sleepytranslations.com/",
    "sourceName": "SleepyTranslations",
    "options": {
      "path": { "novels": "series", "novel": "series", "chapter": "series" },
      "useNewChapterEndpoint": true
    }
  },
  {
    "sourceId": 45,
    "baseUrl": "https://freenovel.me/",
    "sourceName": "FreeNovelMe"
  },
  {
    "sourceId": 46,
    "baseUrl": "https://1stkissnovel.org/",
    "sourceName": "FirstKissNovel",
    "options": {
      "useNewChapterEndpoint": true
    }
  },
  {
    "sourceId": 47,
    "baseUrl": "https://daonovel.com/",
    "sourceName": "DaoNovel",
    "options": {
      "path": {
        "novels": "novels-list",
        "novel": "novels",
        "chapter": "novels"
      },
      "useNewChapterEndpoint": true
    }
  },
  {
    "sourceId": 55,
    "baseUrl": "https://mostnovel.com/",
    "sourceName": "MostNovel",
    "options": {
      "path": { "novels": "manga", "novel": "manga", "chapter": "manga" }
    }
  },
  {
    "sourceId": 56,
    "baseUrl": "https://www.novelmultiverse.com/",
    "sourceName": "NovelMultiverse"
  },
  {
    "sourceId": 57,
    "baseUrl": "https://lightnovelheaven.com/",
    "sourceName": "LightNovelHeaven",
    "options": {
      "path": { "novels": "series", "novel": "series", "chapter": "series" },
      "useNewChapterEndpoint": true
    }
  },
  {
    "sourceId": 59,
    "baseUrl": "https://arnovel.me/",
    "sourceName": "ArNovel",
    "options": {
      "path": {
        "novels": "home/novel",
        "novel": "home/novel",
        "chapter": "home/novel"
      },
      "useNewChapterEndpoint": true,
      "lang": "Arabic"
    }
  },
  {
    "sourceId": 60,
    "baseUrl": "https://meionovel.id/",
    "sourceName": "MeioNovel",
    "options": {
      "useNewChapterEndpoint": true,
      "lang": "Indonesian"
    }
  },
  {
    "sourceId": 61,
    "baseUrl": "https://www.webnovelover.com/",
    "sourceName": "WebNovelLover"
  },
  {
    "sourceId": 63,
    "baseUrl": "https://cratenovel.com/",
    "sourceName": "CrateNovel",
    "options": {
      "useNewChapterEndpoint": true
    }
  },
  {
    "sourceId": 64,
    "baseUrl": "https://clicknovel.net/",
    "sourceName": "ClickNovel"
  },
  {
    "sourceId": 65,
    "baseUrl": "https://readwebnovels.net/",
    "sourceName": "ReadWebNovels"
  },
  {
    "sourceId": 66,
    "baseUrl": "https://wbnovel.com/",
    "sourceName": "WBNovel",
    "options": { "lang": "Indonesian" }
  },
  {
    "sourceId": 74,
    "baseUrl": "https://wuxiaworld.site/",
    "sourceName": "WuxiaWorld.Site",
    "options": {
      "useNewChapterEndpoint": true
    }
  },
  {
    "sourceId": 75,
    "baseUrl": "https://mysticalmerries.com/",
    "sourceName": "MysticalSeries",
    "options": {
      "path": { "novels": "series", "novel": "series", "chapter": "series" },
      "useNewChapterEndpoint": true
    }
  },
  {
    "sourceId": 84,
    "baseUrl": "https://morenovel.net/",
    "sourceName": "MoreNovel",
    "options": {
      "useNewChapterEndpoint": true,
      "lang": "Indonesian"
    }
  },
  {
    "sourceId": 91,
    "baseUrl": "https://www.onlymtl.com/",
    "sourceName": "OnlyMTL",
    "options": {
      "useNewChapterEndpoint": true
    }
  },
  {
    "sourceId": 96,
    "baseUrl": "https://hizomanga.net/",
    "sourceName": "HizoManga",
    "options": {
      "path": { "novels": "serie", "novel": "serie", "chapter": "serie" },
      "useNewChapterEndpoint": true,
      "lang": "Arabic"
    }
  },
  {
    "sourceId": 101,
    "baseUrl": "https://ar-mtl.club/",
    "sourceName": "ArMTL",
    "options": {
      "useNewChapterEndpoint": true,
      "lang": "Arabic"
    }
  },
  {
    "sourceId": 104,
    "baseUrl": "https://novel4up.com/",
    "sourceName": "Novel4Up",
    "options": {
      "lang": "Arabic"
    }
  },
  {
    "sourceId": 107,
    "baseUrl": "https://teamxnovel.com/",
    "sourceName": "TeamXNovel",
    "options": {
      "useNewChapterEndpoint": true,
      "lang": "Arabic"
    }
  },
  {
    "sourceId": 110,
    "baseUrl": "https://turkcelightnovels.com/",
    "sourceName": "TurkceLightNovels",
    "options": {
      "path": {
        "novels": "light-novel",
        "novel": "light-novel",
        "chapter": "light-novel"
      },
      "lang": "Turkish"
    }
  },
  {
    "sourceId": 121,
    "baseUrl": "https://www.sonicmtl.com/",
    "sourceName": "SonicMTL",
    "options": {
      "useNewChapterEndpoint": true
    }
  },
  {
    "sourceId": 122,
    "baseUrl": "https://mtlnovel.club/",
    "sourceName": "MTLNovel.Club",
    "options": {
      "useNewChapterEndpoint": true
    }
  },
  {
    "sourceId": 124,
    "baseUrl": "https://noobchan.xyz/",
    "sourceName": "Noobchan Translation",
    "options": {
      "useNewChapterEndpoint": true
    }
  },
  {
    "sourceId": 125,
    "baseUrl": "https://guavaread.com/",
    "sourceName": "Guavaread",
    "options": {
      "useNewChapterEndpoint": true
    }
  },
  {
    "sourceId": 126,
    "baseUrl": "https://sweetescapetranslations.com/",
    "sourceName": "Sweet Escape Translations",
    "options": {
      "useNewChapterEndpoint": false,
      "path": { "novels": "manga", "novel": "manga", "chapter": "manga" }
    }
  },
  {
    "sourceId": 127,
    "baseUrl": "https://fanstranslations.com/",
    "sourceName": "Fans Translations",
    "options": {
      "useNewChapterEndpoint": true
    }
  },
  {
    "sourceId": 130,
    "baseUrl": "https://riwyat.com/",
    "sourceName": "Riwyat",
    "options": {
      "useNewChapterEndpoint": true,
      "lang": "Arabic"
    }
  },
  {
    "sourceId": 131,
    "baseUrl": "https://novelstic.com/",
    "sourceName": "Novelstic",
    "options": {
      "useNewChapterEndpoint": true,
      "lang": "English"
    }
  },
  {
    "sourceId": 133,
    "baseUrl": "https://www.neosekaitranslations.com/",
    "sourceName": "NeoSekai Translations",
    "options": {
      "lang": "English"
    }
  },
  {
    "sourceId": 134,
    "baseUrl": "https://mtl-novel.com/",
    "sourceName": "MTL-Novel",
    "options": {
      "useNewChapterEndpoint": true,
      "lang": "English",
      "orderBy": "latest"
    }
  },
  {
    "sourceId": 135,
    "baseUrl": "https://zetrotranslation.com/",
    "sourceName": "Zetro Translation",
    "options": {
      "lang": "English"
    }
  },
  {
    "sourceId": 136,
    "baseUrl": "https://nocturnetls.net/",
    "sourceName": "Nocturne Translations",
    "options": {
      "lang": "English",
      "path": { "novels": "novels", "novel": "novels", "chapter": "novels" }
    }
  },
  {
    "sourceId": 138,
    "baseUrl": "https://sugarbbscan.com/",
    "sourceName": "Sugar Babies",
    "options": {
      "lang": "English",
      "path": { "novels": "series", "novel": "series", "chapter": "series" }
    }
  },
  {
    "sourceId": 140,
    "baseUrl": "https://novelroom.net/",
    "sourceName": "Novelroom.net",
    "options": {
      "lang": "English",
      "path": { "novels": "manga", "novel": "manga", "chapter": "manga" }
    }
  },
  {
    "sourceId": 141,
    "baseUrl": "https://novelr18.com/",
    "sourceName": "NovelR18 ",
    "options": {
      "lang": "English",
      "path": { "novels": "novel", "novel": "manga", "chapter": "manga" },
      "useNewChapterEndpoint": true
    }
  },
  {
    "sourceId": 143,
    "baseUrl": "https://www.webnoveloku.com/",
    "sourceName": "WebNovelOku ",
    "options": {
      "lang": "Turkish"
    }
  },
  {
    "sourceId": 169,
    "baseUrl": "https://asuralightnovel.com/",
    "sourceName": "Asura Light Novel",
    "options": {
      "useNewChapterEndpoint": true,
      "lang": "English"
    }
  }
]
