[
  {
    "sourceId": 1,
    "url": "https://boxnovel.com/",
    "sourceName": "BoxNovel",
    "icon": "https://github.com/LNReader/lnreader-sources/blob/main/icons/src/en/boxnovel/icon.png?raw=true",
    "lang": "English"
  },
  {
    "sourceId": 2,
    "sourceName": "ReadLightNovel",
    "url": "https://www.readlightnovel.org",
    "lang": "English",
    "icon": "https://github.com/LNReader/lnreader-sources/blob/main/icons/src/en/readlightnovel/icon.png?raw=true"
  },
  {
    "sourceId": 3,
    "url": "https://novelbin.org/",
    "sourceName": "NovelBin",
    "icon": "https://github.com/LNReader/lnreader-sources/blob/main/icons/src/en/fastnovel/icon.png?raw=true",
    "lang": "English"
  },
  {
    "sourceId": 4,
    "url": "https://readnovelfull.com/",
    "sourceName": "ReadNovelFull",
    "icon": "https://github.com/LNReader/lnreader-sources/blob/main/icons/src/en/readnovelfull/icon.png?raw=true",
    "lang": "English"
  },
  {
    "sourceId": 5,
    "url": "https://www.mtlnovel.com/",
    "sourceName": "MTLNovel",
    "icon": "https://github.com/LNReader/lnreader-sources/blob/main/icons/src/en/mtlnovel/icon.png?raw=true",
    "lang": "English"
  },
  {
    "sourceId": 6,
    "url": "https://www.novelhall.com/",
    "sourceName": "NovelHall",
    "icon": "https://github.com/LNReader/lnreader-sources/blob/main/icons/src/en/novelhall/icon.png?raw=true",
    "lang": "English"
  },
  {
    "sourceId": 7,
    "url": "https://www.wuxiaworld.com/",
    "sourceName": "WuxiaWorld",
    "icon": "https://github.com/LNReader/lnreader-sources/blob/main/icons/src/en/wuxiaworld/icon.png?raw=true",
    "lang": "English"
  },
  {
    "sourceId": 8,
    "url": "https://novelfull.com/",
    "sourceName": "NovelFull",
    "icon": "https://github.com/LNReader/lnreader-sources/blob/main/icons/src/en/novelfull/icon.png?raw=true",
    "lang": "English"
  },
  {
    "sourceId": 10,
    "url": "https://vipnovel.com/",
    "sourceName": "VipNovel",
    "icon": "https://github.com/LNReader/lnreader-sources/blob/main/icons/src/en/vipnovel/icon.png?raw=true",
    "lang": "English"
  },
  {
    "sourceId": 13,
    "url": "https://freewebnovel.com/",
    "sourceName": "FreeWebNovel",
    "icon": "https://github.com/LNReader/lnreader-sources/blob/main/icons/src/en/freewebnovel/icon.png?raw=true",
    "lang": "English"
  },
  {
    "sourceId": 15,
    "url": "https://www.lightnovelpub.com/",
    "sourceName": "LightNovelPub",
    "icon": "https://github.com/LNReader/lnreader-sources/blob/main/icons/src/en/lightnovelpub/icon.png?raw=true",
    "lang": "English"
  },
  {
    "sourceId": 16,
    "url": "https://m.wuxiaworld.co/",
    "sourceName": "WuxiaWorld.co",
    "icon": "https://github.com/LNReader/lnreader-sources/blob/main/icons/src/en/wuxiaworldco/icon.png?raw=true",
    "lang": "English"
  },
  {
    "sourceId": 17,
    "url": "http://www.tapread.com/",
    "sourceName": "TapRead",
    "icon": "https://github.com/LNReader/lnreader-sources/blob/main/icons/src/en/tapread/icon.png?raw=true",
    "lang": "English"
  },
  {
    "sourceId": 18,
    "url": "https://www.novelupdates.cc/",
    "sourceName": "NovelUpdates.cc",
    "icon": "https://github.com/LNReader/lnreader-sources/blob/main/icons/src/en/novelupdatescc/icon.png?raw=true",
    "lang": "English"
  },
  {
    "sourceId": 19,
    "url": "https://m.readlightnovel.cc/",
    "sourceName": "ReadLightNovel.cc",
    "icon": "https://github.com/LNReader/lnreader-sources/blob/main/icons/src/en/readlightnovelcc/icon.png?raw=true",
    "lang": "English"
  },
  {
    "sourceId": 21,
    "url": "https://woopread.com/",
    "sourceName": "WoopRead",
    "icon": "https://github.com/LNReader/lnreader-sources/blob/main/icons/src/en/woopread/icon.png?raw=true",
    "lang": "English"
  },
  {
    "sourceId": 22,
    "url": "https://foxaholic.com/",
    "sourceName": "Foxaholic",
    "icon": "https://github.com/LNReader/lnreader-sources/blob/main/icons/src/en/foxaholic/icon.png?raw=true",
    "lang": "English"
  },
  {
    "sourceId": 23,
    "url": "https://tunovelaligera.com/",
    "sourceName": "TuNovelaLigera",
    "icon": "https://github.com/LNReader/lnreader-sources/blob/main/icons/src/es/tunovelaligera/icon.png?raw=true",
    "lang": "Spanish"
  },
  {
    "sourceId": 24,
    "url": "https://www.skynovels.net/",
    "sourceName": "SkyNovels",
    "icon": "https://github.com/LNReader/lnreader-sources/blob/main/icons/src/es/skynovels/icon.png?raw=true",
    "lang": "Spanish"
  },
  {
    "sourceId": 25,
    "url": "https://einherjarproject.net/",
    "sourceName": "EinherjarProject",
    "icon": "https://github.com/LNReader/lnreader-sources/blob/main/icons/src/es/einherjarproject/icon.png?raw=true",
    "lang": "Spanish"
  },
  {
    "sourceId": 26,
    "url": "https://novelasligera.com/",
    "sourceName": "NovelasLigera",
    "icon": "https://github.com/LNReader/lnreader-sources/blob/main/icons/src/es/novelasligera/icon.png?raw=true",
    "lang": "Spanish"
  },
  {
    "sourceId": 27,
    "url": "https://comrademao.com/",
    "sourceName": "ComradeMao",
    "icon": "https://github.com/LNReader/lnreader-sources/blob/main/icons/src/en/comrademao/icon.png?raw=true",
    "lang": "English"
  },
  {
    "sourceId": 28,
    "url": "https://yuukitls.com/",
    "sourceName": "YuukiTls",
    "icon": "https://github.com/LNReader/lnreader-sources/blob/main/icons/src/es/yuukitls/icon.png?raw=true",
    "lang": "Spanish"
  },
  {
    "sourceId": 29,
    "url": "https://hasutl.wordpress.com/",
    "sourceName": "Hasu Translations",
    "icon": "https://github.com/LNReader/lnreader-sources/blob/main/icons/src/es/hasutl/icon.png?raw=true",
    "lang": "Spanish"
  },
  {
    "sourceId": 30,
    "url": "https://oasistranslations.wordpress.com/",
    "sourceName": "Oasis Translations",
    "icon": "https://github.com/LNReader/lnreader-sources/blob/main/icons/src/es/oasistranslations/icon.png?raw=true",
    "lang": "Spanish"
  },
  {
    "sourceId": 31,
    "url": "http://www.reinowuxia.com/",
    "sourceName": "ReinoWuxia",
    "icon": "https://github.com/LNReader/lnreader-sources/blob/main/icons/src/es/novelawuxia/icon.png?raw=true",
    "lang": "Spanish"
  },
  {
    "sourceId": 34,
    "url": "https://www.royalroad.com/",
    "sourceName": "Royal Road",
    "icon": "https://github.com/LNReader/lnreader-sources/blob/main/icons/src/en/royalroad/icon.png?raw=true",
    "lang": "English"
  },
  {
    "sourceId": 35,
    "url": "https://www.scribblehub.com/",
    "sourceName": "Scribble Hub",
    "icon": "https://github.com/LNReader/lnreader-sources/blob/main/icons/src/en/scribblehub/icon.png?raw=true",
    "lang": "English"
  },
  {
    "sourceId": 36,
    "url": "https://syosetu.com",
    "sourceName": "Syosetu",
    "icon": "https://github.com/LNReader/lnreader-sources/blob/main/icons/src/jp/syosetu/icon.png?raw=true",
    "lang": "Japanese"
  },
  {
    "sourceId": 37,
    "url": "https://lnmtl.com/",
    "sourceName": "LNMTL",
    "icon": "https://github.com/LNReader/lnreader-sources/blob/main/icons/src/en/lnmtl/icon.png?raw=true",
    "lang": "English"
  },
  {
    "sourceId": 41,
    "url": "https://zinnovel.com/",
    "sourceName": "ZinnNovel",
    "icon": "https://github.com/LNReader/lnreader-sources/blob/main/icons/multisrc/madara/icons/zinnovel.png?raw=true",
    "lang": "English"
  },
  {
    "sourceId": 42,
    "url": "https://noveltranslate.com/",
    "sourceName": "NovelTranslate",
    "icon": "https://github.com/LNReader/lnreader-sources/blob/main/icons/multisrc/madara/icons/noveltranslate.png?raw=true",
    "lang": "English"
  },
  {
    "sourceId": 43,
    "url": "https://www.lunarletters.com/",
    "sourceName": "LunarLetters",
    "icon": "https://github.com/LNReader/lnreader-sources/blob/main/icons/multisrc/madara/icons/lunarletters.png?raw=true",
    "lang": "English"
  },
  {
    "sourceId": 44,
    "url": "https://sleepytranslations.com/",
    "sourceName": "SleepyTranslations",
    "icon": "https://github.com/LNReader/lnreader-sources/blob/main/icons/multisrc/madara/icons/sleepytranslations.png?raw=true",
    "lang": "English"
  },
  {
    "sourceId": 45,
    "url": "https://freenovel.me/",
    "sourceName": "FreeNovelMe",
    "icon": "https://github.com/LNReader/lnreader-sources/blob/main/icons/multisrc/madara/icons/freenovel.png?raw=true",
    "lang": "English"
  },
  {
    "sourceId": 46,
    "url": "https://1stkissnovel.love/",
    "sourceName": "1stKissNovel",
    "icon": "https://github.com/LNReader/lnreader-sources/blob/main/icons/multisrc/madara/icons/1stkissnovel.png?raw=true",
    "lang": "English"
  },
  {
    "sourceId": 47,
    "url": "https://daonovel.com/",
    "sourceName": "DaoNovel",
    "icon": "https://github.com/LNReader/lnreader-sources/blob/main/icons/multisrc/madara/icons/daonovel.png?raw=true",
    "lang": "English"
  },
  {
    "sourceId": 48,
    "url": "https://www.wuxia.blog/",
    "sourceName": "Wuxia.Blog",
    "icon": "https://github.com/LNReader/lnreader-sources/blob/main/icons/src/en/wuxiablog/icon.png?raw=true",
    "lang": "English"
  },
  {
    "sourceId": 49,
    "url": "https://wuxia.city/",
    "sourceName": "Wuxia.City",
    "icon": "https://github.com/LNReader/lnreader-sources/blob/main/icons/src/en/wuxiacity/icon.png?raw=true",
    "lang": "English"
  },
  {
    "sourceId": 50,
    "url": "https://www.novelupdates.com/",
    "sourceName": "Novel Updates",
    "icon": "https://github.com/LNReader/lnreader-sources/blob/main/icons/src/en/novelupdates/icon.png?raw=true",
    "lang": "English"
  },
  {
    "sourceId": 51,
    "url": "https://ranobes.top/",
    "sourceName": "Ranobes",
    "icon": "https://github.com/LNReader/lnreader-sources/blob/main/icons/src/en/ranobes/icon.png?raw=true",
    "lang": "English"
  },
  {
    "sourceId": 52,
    "url": "https://m.yushubo.com",
    "sourceName": "Yushubo",
    "icon": "https://github.com/LNReader/lnreader-sources/blob/main/icons/src/ch/yushubo/icon.png?raw=true",
    "lang": "Chinese"
  },
  {
    "sourceId": 53,
    "url": "https://kolnovel.com/",
    "sourceName": "KolNovel",
    "icon": "https://github.com/LNReader/lnreader-sources/blob/main/icons/multisrc/wpmangastream/icons/kolnovel.png?raw=true",
    "lang": "Arabic"
  },
  {
    "sourceId": 55,
    "url": "https://mostnovel.com/",
    "sourceName": "MostNovel",
    "icon": "https://github.com/LNReader/lnreader-sources/blob/main/icons/multisrc/madara/icons/mostnovel.png?raw=true",
    "lang": "English"
  },
  {
    "sourceId": 56,
    "url": "https://www.novelmultiverse.com/",
    "sourceName": "NovelMultiverse",
    "icon": "https://github.com/LNReader/lnreader-sources/blob/main/icons/multisrc/madara/icons/novelmultiverse.png?raw=true",
    "lang": "English"
  },
  {
    "sourceId": 57,
    "url": "https://lightnovelheaven.com/",
    "sourceName": "LightNovelHeaven",
    "icon": "https://github.com/LNReader/lnreader-sources/blob/main/icons/multisrc/madara/icons/lightnovelheaven.png?raw=true",
    "lang": "English"
  },
  {
    "sourceId": 59,
    "url": "https://arnovel.me/",
    "sourceName": "ArNovel",
    "icon": "https://github.com/LNReader/lnreader-sources/blob/main/icons/multisrc/madara/icons/arnovel.png?raw=true",
    "lang": "Arabic"
  },
  {
    "sourceId": 60,
    "url": "https://meionovel.id/",
    "sourceName": "MeioNovel",
    "icon": "https://github.com/LNReader/lnreader-sources/blob/main/icons/multisrc/madara/icons/meionovel.png?raw=true",
    "lang": "Indonesian"
  },
  {
    "sourceId": 61,
    "url": "https://www.webnovelover.com/",
    "sourceName": "WebNovelLover",
    "icon": "https://github.com/LNReader/lnreader-sources/blob/main/icons/multisrc/madara/icons/webnovellover.png?raw=true",
    "lang": "English"
  },
  {
    "sourceId": 62,
    "url": "https://www.wlnupdates.com/",
    "sourceName": "WLNUpdates",
    "icon": "https://github.com/LNReader/lnreader-sources/blob/main/icons/src/en/wlnupdates/icon.png?raw=true",
    "lang": "English"
  },
  {
    "sourceId": 63,
    "url": "https://cratenovel.com/",
    "sourceName": "CrateNovel",
    "icon": "https://github.com/LNReader/lnreader-sources/blob/main/icons/multisrc/madara/icons/boxnovel.online.png?raw=true",
    "lang": "English"
  },
  {
    "sourceId": 64,
    "url": "https://clicknovel.net/",
    "sourceName": "ClickNovel",
    "icon": "https://github.com/LNReader/lnreader-sources/blob/main/icons/multisrc/madara/icons/clicknovel.png?raw=true",
    "lang": "English"
  },
  {
    "sourceId": 65,
    "url": "https://readwebnovels.net/",
    "sourceName": "ReadWebNovels",
    "icon": "https://github.com/LNReader/lnreader-sources/blob/main/icons/multisrc/madara/icons/readwebnovels.png?raw=true",
    "lang": "English"
  },
  {
    "sourceId": 66,
    "url": "https://wbnovel.com/",
    "sourceName": "WBNovel",
    "icon": "https://github.com/LNReader/lnreader-sources/blob/main/icons/multisrc/madara/icons/wbnovel.png?raw=true",
    "lang": "Indonesian"
  },
  {
    "sourceId": 67,
    "url": "https://reaperscans.com/all-series/novels/",
    "sourceName": "ReaperScans",
    "icon": "https://github.com/LNReader/lnreader-sources/blob/main/icons/src/en/reaperscans/icon.png?raw=true",
    "lang": "English"
  },
  {
    "sourceId": 68,
    "url": "https://www.wuxiap.com/",
    "sourceName": "Readwn.com",
    "icon": "https://github.com/LNReader/lnreader-sources/blob/main/icons/multisrc/readwn/icons/readwn.png?raw=true",
    "lang": "English"
  },
  {
    "sourceId": 69,
    "url": "https://ranobehub.org/",
    "sourceName": "Ranobehub",
    "icon": "https://github.com/LNReader/lnreader-sources/blob/main/icons/src/ru/ranobehub/icon.png?raw=true",
    "lang": "Russian"
  },
  {
    "sourceId": 70,
    "url": "https://divinedaolibrary.com/",
    "sourceName": "Divine Dao Library",
    "icon": "https://github.com/LNReader/lnreader-sources/blob/main/icons/src/en/divinedaolibrary/icon.png?raw=true",
    "lang": "English"
  },
  {
    "sourceId": 71,
    "url": "https://novelonlinefull.com/",
    "sourceName": "NovelOnlineFull.com",
    "icon": "https://github.com/LNReader/lnreader-sources/blob/main/icons/src/en/novelonlinefull/icon.png?raw=true",
    "lang": "English"
  },
  {
    "sourceId": 72,
    "url": "https://www.lightnovelupdates.com/",
    "sourceName": "LightNovelUpdates",
    "icon": "https://github.com/LNReader/lnreader-sources/blob/main/icons/src/en/lightnovelupdates/icon.png?raw=true",
    "lang": "English"
  },
  {
    "sourceId": 73,
    "url": "https://www.epiknovel.com/",
    "sourceName": "EpikNovel",
    "icon": "https://github.com/LNReader/lnreader-sources/blob/main/icons/src/tr/epiknovel/icon.png?raw=true",
    "lang": "Turkish"
  },
  {
    "sourceId": 74,
    "url": "https://wuxiaworld.site/",
    "sourceName": "WuxiaWorld.Site",
    "icon": "https://github.com/LNReader/lnreader-sources/blob/main/icons/multisrc/madara/icons/wuxiaworldsite.png?raw=true",
    "lang": "English"
  },
  {
    "sourceId": 75,
    "url": "https://mysticalmerries.com/",
    "sourceName": "MysticalSeries",
    "icon": "https://github.com/LNReader/lnreader-sources/blob/main/icons/multisrc/madara/icons/mysticalseries.png?raw=true",
    "lang": "English"
  },
  {
    "sourceId": 76,
    "url": "https://travistranslations.com/",
    "sourceName": "TravisTranslations",
    "icon": "https://github.com/LNReader/lnreader-sources/blob/main/icons/src/en/travistranslations/icon.png?raw=true",
    "lang": "English"
  },
  {
    "sourceId": 77,
    "url": "https://noveldeglace.com/",
    "sourceName": "NovelDeGlace",
    "icon": "https://github.com/LNReader/lnreader-sources/blob/main/icons/src/fr/noveldeglace/icon.png?raw=true",
    "lang": "French"
  },
  {
    "sourceId": 78,
    "url": "https://rainofsnow.com/",
    "sourceName": "RainOfSnow",
    "icon": "https://github.com/LNReader/lnreader-sources/blob/main/icons/src/en/rainofsnow/icon.png?raw=true",
    "lang": "English"
  },
  {
    "sourceId": 79,
    "url": "https://reaperscans.com.br/",
    "sourceName": "ReaperScans (Br)",
    "icon": "https://github.com/LNReader/lnreader-sources/blob/main/icons/src/en/reaperscans/icon.png?raw=true",
    "lang": "Portuguese (Brazil)"
  },
  {
    "sourceId": 80,
    "url": "https://arthurscan.xyz/",
    "sourceName": "ArthurScans (Br)",
    "icon": "https://github.com/LNReader/lnreader-sources/blob/main/icons/multisrc/madara/icons/arthurscans.png?raw=true",
    "lang": "Portuguese (Brazil)"
  },
  {
    "sourceId": 81,
    "url": "https://id.mtlnovel.com/",
    "sourceName": "MTLNovel (Id)",
    "icon": "https://github.com/LNReader/lnreader-sources/blob/main/icons/src/en/mtlnovel/icon.png?raw=true",
    "lang": "Indonesian"
  },
  {
    "sourceId": 82,
    "url": "https://mtlreader.com/",
    "sourceName": "MTLReader",
    "icon": "https://github.com/LNReader/lnreader-sources/blob/main/icons/src/en/mtlreader/icon.png?raw=true",
    "lang": "English"
  },
  {
    "sourceId": 83,
    "url": "https://m.mylovenovel.com/",
    "sourceName": "MyLoveNovel",
    "icon": "https://github.com/LNReader/lnreader-sources/blob/main/icons/src/en/mylovenovel/icon.png?raw=true",
    "lang": "English"
  },
  {
    "sourceId": 84,
    "url": "https://morenovel.net/",
    "sourceName": "MoreNovel",
    "icon": "https://github.com/LNReader/lnreader-sources/blob/main/icons/multisrc/madara/icons/morenovel.png?raw=true",
    "lang": "Indonesian"
  },
  {
    "sourceId": 86,
    "url": "https://novelringan.com/",
    "sourceName": "NovelRingan",
    "icon": "https://github.com/LNReader/lnreader-sources/blob/main/icons/src/id/novelringan/icon.png?raw=true",
    "lang": "Indonesian"
  },
  {
    "sourceId": 87,
    "url": "http://indowebnovel.id/",
    "sourceName": "IndoWebNovel",
    "icon": "https://github.com/LNReader/lnreader-sources/blob/main/icons/src/id/indowebnovel/icon.png?raw=true",
    "lang": "Indonesian"
  },
  {
    "sourceId": 88,
    "url": "https://chireads.com/",
    "sourceName": "Chireads",
    "icon": "https://github.com/LNReader/lnreader-sources/blob/main/icons/src/fr/chireads/icon.png?raw=true",
    "lang": "French"
  },
  {
    "sourceId": 90,
    "url": "https://nitroscans.com/",
    "sourceName": "NitroScans",
    "icon": "https://github.com/LNReader/lnreader-sources/blob/main/icons/src/en/nitroscans/icon.png?raw=true",
    "lang": "English"
  },
  {
    "sourceId": 91,
    "url": "https://www.onlymtl.com/",
    "sourceName": "OnlyMTL",
    "icon": "https://github.com/LNReader/lnreader-sources/blob/main/icons/multisrc/madara/icons/onlymtl.png?raw=true",
    "lang": "English"
  },
  {
    "sourceId": 92,
    "url": "https://novelforest.com/",
    "sourceName": "NovelForest",
    "icon": "https://github.com/LNReader/lnreader-sources/blob/main/icons/src/en/novelforest/icon.png?raw=true",
    "lang": "English"
  },
  {
    "sourceId": 93,
    "url": "https://ranobelib.me/",
    "sourceName": "RanobeLib",
    "icon": "https://github.com/LNReader/lnreader-sources/blob/main/icons/src/ru/ranobelib/icon.png?raw=true",
    "lang": "Russian"
  },
  {
    "sourceId": 94,
    "url": "https://www.novelpub.com/",
    "sourceName": "NovelPub",
    "icon": "https://github.com/LNReader/lnreader-sources/blob/main/icons/src/en/novelpub/icon.png?raw=true",
    "lang": "English"
  },
  {
    "sourceId": 95,
    "url": "https://www.bestlightnovel.com/",
    "sourceName": "BestLightNovel",
    "icon": "https://github.com/LNReader/lnreader-sources/blob/main/icons/src/en/bestlightnovel/icon.png?raw=true",
    "lang": "English"
  },
  {
    "sourceId": 96,
    "url": "https://hizomanga.net/",
    "sourceName": "HizoManga",
    "icon": "https://github.com/LNReader/lnreader-sources/blob/main/icons/multisrc/madara/icons/hizomanga.png?raw=true",
    "lang": "Arabic"
  },
  {
    "sourceId": 97,
    "url": "https://novelbuddy.io/",
    "sourceName": "Novel Buddy",
    "icon": "https://github.com/LNReader/lnreader-sources/blob/main/icons/src/en/novelfullme/icon.png?raw=true",
    "lang": "English"
  },
  {
    "sourceId": 98,
    "url": "https://lightnovelfull.com/",
    "sourceName": "LightNovelFull",
    "icon": "https://github.com/LNReader/lnreader-sources/blob/main/icons/multisrc/madara/icons/latestnovel.png?raw=true",
    "lang": "English"
  },
  {
    "sourceId": 99,
    "url": "https://www.wuxiapub.com/",
    "sourceName": "Novelmt.com",
    "icon": "https://github.com/LNReader/lnreader-sources/blob/main/icons/multisrc/readwn/icons/novelmt.png?raw=true",
    "lang": "English"
  },
  {
    "sourceId": 100,
    "url": "https://www.ltnovel.com/",
    "sourceName": "Ltnovel.com",
    "icon": "https://github.com/LNReader/lnreader-sources/blob/main/icons/multisrc/readwn/icons/ltnovel.png?raw=true",
    "lang": "English"
  },
  {
    "sourceId": 101,
    "url": "https://ar-mtl.club/",
    "sourceName": "ArMTL",
    "icon": "https://github.com/LNReader/lnreader-sources/blob/main/icons/multisrc/madara/icons/armtl.png?raw=true",
    "lang": "Arabic"
  },
  {
    "sourceId": 103,
    "url": "https://sakuranovel.id/",
    "sourceName": "SakuraNovel",
    "icon": "https://github.com/LNReader/lnreader-sources/blob/main/icons/src/id/sakuranovel/icon.png?raw=true",
    "lang": "Indonesian"
  },
  {
    "sourceId": 104,
    "url": "https://novel4up.com/",
    "sourceName": "Novel4Up",
    "icon": "https://github.com/LNReader/lnreader-sources/blob/main/icons/multisrc/madara/icons/novel4up.png?raw=true",
    "lang": "Arabic"
  },
  {
    "sourceId": 107,
    "url": "https://teamxnovel.com/",
    "sourceName": "TeamXNovel",
    "icon": "https://github.com/LNReader/lnreader-sources/blob/main/icons/multisrc/madara/icons/teamxnovel.png?raw=true",
    "lang": "Arabic"
  },
  {
    "sourceId": 108,
    "url": "https://allnovelfull.com/",
    "sourceName": "AllNovelFull",
    "icon": "https://github.com/LNReader/lnreader-sources/blob/main/icons/src/en/allnovelfull/icon.png?raw=true",
    "lang": "English"
  },
  {
    "sourceId": 110,
    "sourceName": "TurkceLightNovels",
    "url": "https://turkcelightnovels.com/",
    "lang": "Turkish",
    "icon": "https://github.com/LNReader/lnreader-sources/blob/main/icons/src/tr/TurkceLightNovels/icon.png?raw=true"
  },
  {
    "sourceId": 112,
    "sourceName": "FreeNovelUpdates",
    "icon": "https://github.com/LNReader/lnreader-sources/blob/main/icons/src/en/freenovelupdates/icon.png?raw=true",
    "url": "https://www.freenovelupdates.com/",
    "lang": "English"
  },
  {
    "sourceId": 114,
    "sourceName": "LightNovelReader",
    "icon": "https://github.com/LNReader/lnreader-sources/blob/main/icons/src/en/lightnovelreader/icon.png?raw=true",
    "url": "https://lightnovelreader.org",
    "lang": "English"
  },
  {
    "sourceId": 115,
    "sourceName": "HakoLightNovel",
    "icon": "https://github.com/LNReader/lnreader-sources/blob/main/icons/src/vi/hakolightnovel/icon.png?raw=true",
    "url": "https://ln.hako.vn",
    "lang": "Vietnamese"
  },
  {
    "sourceId": 116,
    "sourceName": "Renovels",
    "url": "https://renovels.org",
    "lang": "Russian",
    "icon": "https://github.com/LNReader/lnreader-sources/blob/main/icons/src/ru/renovels/icon.png?raw=true"
  },
  {
    "sourceId": 117,
    "sourceName": "Jaomix",
    "url": "https://jaomix.ru",
    "lang": "Russian",
    "icon": "https://github.com/LNReader/lnreader-sources/blob/main/icons/src/ru/jaomix/icon.png?raw=true"
  },
  {
    "sourceId": 118,
    "sourceName": "Rulate",
    "url": "https://tl.rulate.ru",
    "lang": "Russian",
    "icon": "https://github.com/LNReader/lnreader-sources/blob/main/icons/src/ru/rulate/icon.png?raw=true"
  },
  {
    "sourceId": 119,
    "sourceName": "РанобэРФ",
    "url": "https://ранобэ.рф",
    "lang": "Russian",
    "icon": "https://github.com/LNReader/lnreader-sources/blob/main/icons/src/ru/ranoberf/icon.png?raw=true"
  },
  {
    "sourceId": 120,
    "url": "https://novelfull.net/",
    "sourceName": "NovelFull.net",
    "icon": "https://github.com/LNReader/lnreader-sources/blob/main/icons/src/en/allnovelfull/icon.png?raw=true",
    "lang": "English"
  },
  {
    "sourceId": 121,
    "sourceName": "SonicMTL",
    "icon": "https://github.com/LNReader/lnreader-sources/blob/main/icons/multisrc/madara/icons/sonicmtl.png?raw=true",
    "url": "https://www.sonicmtl.com/",
    "lang": "English"
  },
  {
    "sourceId": 122,
    "sourceName": "MTLNovel.Club",
    "icon": "https://github.com/LNReader/lnreader-sources/blob/main/icons/multisrc/madara/icons/mtlnovel.club.png?raw=true",
    "url": "https://mtlnovel.club/",
    "lang": "English"
  },
  {
    "sourceId": 123,
    "sourceName": "Liebe Schnee Hiver Novel",
    "url": "https://lshnovel.com/",
    "icon": "https://github.com/LNReader/lnreader-sources/blob/main/icons/multisrc/wpmangastream/icons/lshnovel.png?raw=true",
    "lang": "Turkish"
  },
  {
    "sourceId": 124,
    "sourceName": "Noobchan Translation",
    "icon": "https://github.com/LNReader/lnreader-sources/blob/main/icons/multisrc/madara/icons/noobchantranslation.png?raw=true",
    "url": "https://noobchan.xyz/",
    "lang": "English"
  },
  {
    "sourceId": 125,
    "sourceName": "Guavaread",
    "icon": "https://github.com/LNReader/lnreader-sources/blob/main/icons/multisrc/madara/icons/guavaread.png?raw=true",
    "url": "https://guavaread.com/",
    "lang": "English"
  },
  {
    "sourceId": 126,
    "sourceName": "Sweet Escape Translations",
    "icon": "https://github.com/LNReader/lnreader-sources/blob/main/icons/multisrc/madara/icons/sweetescapetranslations.png?raw=true",
    "url": "https://sweetescapetranslations.com/",
    "lang": "English"
  },
  {
    "sourceId": 127,
    "sourceName": "Fans Translations",
    "icon": "https://github.com/LNReader/lnreader-sources/blob/main/icons/multisrc/madara/icons/fanstranslations.png?raw=true",
    "url": "https://fanstranslations.com/",
    "lang": "English"
  },
  {
    "sourceId": 128,
    "url": "https://noveltop1.com/",
    "sourceName": "NovelTop1",
    "icon": "https://github.com/LNReader/lnreader-sources/blob/main/icons/src/en/noveltop1/icon.png?raw=true",
    "lang": "English"
  },
  {
    "sourceId": 129,
    "url": "https://lightnovelbrasil.com/",
    "sourceName": "Light Novels Brasil",
    "icon": "https://github.com/LNReader/lnreader-sources/blob/main/icons/multisrc/wpmangastream/icons/lightnovelbrasil.png?raw=true",
    "lang": "Portuguese (Brazil)"
  },
  {
    "sourceId": 130,
    "sourceName": "Riwyat",
    "icon": "https://github.com/LNReader/lnreader-sources/blob/main/icons/multisrc/madara/icons/riwyat.png?raw=true",
    "url": "https://riwyat.com/",
    "lang": "Arabic"
  },
  {
    "sourceId": 131,
    "sourceName": "Novelstic",
    "icon": "https://github.com/LNReader/lnreader-sources/blob/main/icons/multisrc/madara/icons/novelstic.png?raw=true",
    "url": "https://novelstic.com/",
    "lang": "English"
  },
  {
    "sourceId": 132,
    "url": "https://ranobes.com/",
    "sourceName": "Ranobes",
    "icon": "https://github.com/LNReader/lnreader-sources/blob/main/icons/src/en/ranobes/icon.png?raw=true",
    "lang": "Russian"
  },
  {
    "sourceId": 133,
    "sourceName": "NeoSekai Translations",
    "icon": "https://github.com/LNReader/lnreader-sources/blob/main/icons/multisrc/madara/icons/neosekaitranslations.png?raw=true",
    "url": "https://www.neosekaitranslations.com/",
    "lang": "English"
  },
  {
    "sourceId": 134,
    "sourceName": "MTL-Novel",
    "icon": "https://github.com/LNReader/lnreader-sources/blob/main/icons/multisrc/madara/icons/mtl-novel.png?raw=true",
    "url": "https://mtl-novel.com/",
    "lang": "English"
  },
  {
    "sourceId": 135,
    "sourceName": "Zetro Translation",
    "icon": "https://github.com/LNReader/lnreader-sources/blob/main/icons/multisrc/madara/icons/zetrotranslation.png?raw=true",
    "url": "https://zetrotranslation.com/",
    "lang": "English"
  },
  {
    "sourceId": 136,
    "sourceName": "Nocturne Translations",
    "icon": "https://github.com/LNReader/lnreader-sources/blob/main/icons/multisrc/madara/icons/nocturnetls.webp?raw=true",
    "url": "https://nocturnetls.net/",
    "lang": "English"
  },
  {
    "sourceId": 138,
    "sourceName": "Sugar Babies",
    "icon": "https://github.com/LNReader/lnreader-sources/blob/main/icons/multisrc/madara/icons/sugarbbscan.png?raw=true",
    "url": "https://sugarbbscan.com/",
    "lang": "English"
  },
  {
    "sourceId": 139,
    "sourceName": "Книга Фанфиков",
    "url": "https://ficbook.net/",
    "lang": "Russian",
    "icon": "https://github.com/LNReader/lnreader-sources/blob/main/icons/src/ru/ficbook/icon.png?raw=true"
  },
  {
    "sourceId": 140,
    "sourceName": "Novelroom.net",
    "icon": "https://github.com/LNReader/lnreader-sources/blob/main/icons/multisrc/madara/icons/novelroom.png?raw=true",
    "url": "https://novelroom.net/",
    "lang": "English"
  },
  {
    "sourceId": 141,
    "sourceName": "NovelR18",
    "icon": "https://github.com/LNReader/lnreader-sources/blob/main/icons/multisrc/madara/icons/novelr18.png?raw=true",
    "url": "https://novelr18.com/",
    "lang": "English"
  },
  {
    "sourceId": 142,
    "sourceName": "Автор Тудей",
    "icon": "https://github.com/LNReader/lnreader-sources/blob/main/icons/src/ru/authortoday/icon.png?raw=true",
    "url": "https://author.today/",
    "lang": "Russian"
  },
  {
    "sourceId": 143,
    "sourceName": "WebNovelOku",
    "icon": "https://github.com/LNReader/lnreader-sources/blob/main/multisrc/madara/icons/webnoveloku.png?raw=true",
    "url": "https://www.webnoveloku.com/",
    "lang": "Turkish"
  },
  {
    "sourceId": 144,
    "sourceName": "Noble Machine translations",
    "icon": "https://i1.wp.com/noblemtl.com/wp-content/uploads/2022/07/cropped-Noble-192x192.png",
    "url": "https://noblemtl.com/",
    "lang": "English"
  },
  {
    "sourceId": 145,
    "sourceName": "Agitoon",
    "icon": "https://agit501.xyz/asset/img/agit2.png?v=2",
    "url": "https://agit501.xyz/",
    "lang": "Korean"
  },
  {
    "sourceId": 146,
    "sourceName": "Panda Machine translations",
    "icon": "https://pandamtl.com/wp-includes/images/w-logo-blue-white-bg.png",
    "url": "https://pandamtl.com/",
    "lang": "English"
  },
  {
    "sourceId": 147,
    "sourceName": "PawRead",
    "icon": "https://www.pawread.com/favicon.ico",
    "url": "https://pawread.com/",
    "lang": "English"
  },
  {
    "sourceId": 148,
    "sourceName": "Erolate",
    "url": "https://erolate.com",
    "lang": "Russian",
    "icon": "https://erolate.com/i/logo/erolate.png"
  },
  {
    "sourceId": 149,
    "sourceName": "РуРанобэ",
    "url": "https://ruranobe.ru",
    "lang": "Russian",
    "icon": "https://ruranobe.ru/logo.png"
  },
  {
    "sourceId": 150,
    "sourceName": "Переклади українською мовою",
    "url": "https://ukr.novel.tl",
    "lang": "Ukraine",
    "icon": "https://ukr.novel.tl/logo.png"
  },
  {
    "sourceId": 151,
    "sourceName": "Nightnovel",
    "url": "https://nightnovel.online",
    "lang": "Russian",
    "icon": "https://nightnovel.online/logo.png"
  },
  {
    "sourceId": 152,
    "sourceName": "Карманная галактика",
    "url": "https://kg.novel.tl",
    "lang": "Russian",
    "icon": "https://kg.novel.tl/logo.png"
  },
  {
    "sourceId": 153,
    "sourceName": "Аксел",
    "url": "https://axel.znovel.space",
    "lang": "Russian",
    "icon": "https://axel.znovel.space/logo.png"
  },
  {
    "sourceId": 154,
    "sourceName": "Уголок дракона",
    "url": "https://sferdrakon.novel.tl",
    "lang": "Russian",
    "icon": "https://sferdrakon.novel.tl/logo.png"
  },
  {
    "sourceId": 155,
    "sourceName": "Авторские работы",
    "url": "https://original.novel.tl",
    "lang": "Russian",
    "icon": "https://original.novel.tl/logo.png"
  },
  {
    "sourceId": 156,
    "sourceName": "Snailulitka",
    "url": "https://snailulitka.novel.tl",
    "lang": "Russian",
    "icon": "https://snailulitka.novel.tl/logo.png"
  },
  {
    "sourceId": 157,
    "sourceName": "TsundokuTrans",
    "url": "https://tsundoku.novel.tl",
    "lang": "Russian",
    "icon": "https://tsundoku.novel.tl/logo.png"
  },
  {
    "sourceId": 158,
    "sourceName": "Japit Comics",
    "url": "https://japit.novel.tl",
    "lang": "Russian",
    "icon": "https://japit.novel.tl/logo.png"
  },
  {
    "sourceId": 159,
    "sourceName": "Белманга",
    "url": "https://bel.novel.tl",
    "lang": "Belarus",
    "icon": "https://bel.novel.tl/logo.png"
  },
  {
    "sourceId": 160,
    "sourceName": "Север и Юг",
    "url": "https://red.novel.tl",
    "lang": "Russian",
    "icon": "https://red.novel.tl/logo.png"
  },
  {
    "sourceId": 161,
    "sourceName": "Сказочные истории",
    "url": "https://si.novel.tl",
    "lang": "Russian",
    "icon": "https://si.novel.tl/logo.png"
  },
  {
    "sourceId": 162,
    "sourceName": "K.O.D.",
    "url": "https://kod.novel.tl",
    "lang": "Russian",
    "icon": "https://kod.novel.tl/logo.png"
  },
  {
    "sourceId": 163,
    "sourceName": "Novels Online",
    "url": "https://novelsonline.net/",
    "lang": "English",
    "icon": "https://novelsonline.net/assets/images/logo.png?v=norm"
  },
  {
    "sourceId": 164,
    "sourceName": "BookRiver",
    "url": "https://bookriver.ru/",
    "lang": "Russian",
    "icon": "https://bookriver.ru/android-chrome-512x512.png"
  },
  {
    "sourceId": 165,
    "sourceName": "Linovelib",
    "url": "https://w.linovelib.com",
    "lang": "Chinese",
    "icon": "https://w.linovelib.com/images/logo.png"
  },
  {
    "sourceId": 166,
    "sourceName": "NOVA",
    "url": "https://novelasligeras.net",
    "lang": "Spanish",
    "icon": "https://pbs.twimg.com/profile_images/1659040611507351552/DeLBdFep_400x400.jpg"
  },
  {
    "sourceId": 167,
    "sourceName": "Смаколики",
    "url": "https://smakolykytl.site/",
    "lang": "Ukraine",
    "icon": "https://smakolykytl.site/img/favicon/apple-touch-icon.webp"
  },
  {
    "sourceId": 168,
    "sourceName": "LitSpace",
    "url": "https://freedlit.space/",
    "lang": "Russian",
    "icon": "https://freedlit.space/images/fav/apple-touch-icon.png"
  },
  {
    "sourceId": 169,
    "url": "https://asuralightnovel.com/",
    "sourceName": "Asura Light Novel",
    "icon": "https://asuralightnovel.com/wp-content/uploads/2021/06/favicon-asura-2.png",
    "lang": "English"
  },
  {
    "sourceId": 170,
    "url": "https://icantreadjapanese.wordpress.com/",
    "sourceName": "I Cant Read Japanese TL",
    "icon": "https://icantreadjapanese.files.wordpress.com/2021/03/cropped-cropped-site-icon-1.png?w=16",
    "lang": "English"
  },
  {
    "sourceId": 171,
    "url": "https://ifreedom.su",
    "sourceName": "Свободный Мир Ранобэ",
    "icon": "https://ifreedom.su/wp-content/uploads/2021/03/logo.png",
    "lang": "Russian"
  },
  {
    "sourceId": 172,
    "url": "https://bookhamster.ru",
    "sourceName": "Bookhamster",
    "icon": "https://bookhamster.ru/wp-content/uploads/2023/01/log.jpg",
    "lang": "Russian"
  },
  {
    "sourceId": 173,
    "url": "https://es.mtlnovel.com",
    "sourceName": "MTLNovel (ES)",
    "icon": "https://github.com/LNReader/lnreader-sources/blob/main/icons/src/en/mtlnovel/icon.png?raw=true",
    "lang": "Spanish"
  }
]
